0,1,1,1,1,1,1,1,1,1,1,1,1,1,1,1,1,1,1,1,1,1,1,1,1,1,1,1,1
1,0,7.3323,12.955,31.682,44.137,73.498,102.59,106.75,152.64,175.6,145.43,114.02,73.724,48.429,42.674,16.088,14.372,16.494,22.919,42.531,68.285,85.065,109.03,124.86,109.74,88.585,53.438,41.602
1,7.3323,0,7.1976,19.19,39.6,62.835,99.082,94.477,146.34,167.32,138.53,97.432,57.146,35.303,43.909,22.901,9.4549,20.744,25.582,56.388,81.44,85.127,110.73,140.84,131.54,105.21,75.343,70.356
1,12.955,7.1976,0,7.2891,21.976,47.975,83.463,90.955,143.6,178.27,161,118.59,80.886,45.564,52.43,32.3,13.301,12.465,7.2938,28.491,49.645,48.656,75.85,102.26,104.85,92.49,69.293,59.031
1,31.682,19.19,7.2891,0,7.3469,20.765,49.605,55.475,100.52,135.36,129.74,90.643,65.44,30.668,41.455,35.16,12.327,11.268,9.6939,29.768,37.675,28.862,45.974,75.69,82.241,71.242,62.51,63.282
1,44.137,39.6,21.976,7.3469,0,7.2998,22.614,35.115,66.92,103.38,107.32,81.015,67.788,30.597,31.098,32.669,17.811,7.9754,11.747,19.948,15.958,12.584,18.295,37.265,41.536,36.503,36.336,41.206
1,73.498,62.835,47.975,20.765,7.2998,0,7.0836,12.137,34.051,63.072,73.171,52.902,52.145,22.817,26.448,42.116,28.044,23.478,37.293,48.01,31.647,24.256,17.51,40.058,40.979,30.205,41.547,60.723
1,102.59,99.082,83.463,49.605,22.614,7.0836,0,7.286,14.598,40.072,56.418,50.066,61.563,34.939,28.836,53.21,49.32,40.242,63.761,65.748,37.673,37.23,17.389,30.438,24.687,14.811,33.408,59.596
1,106.75,94.477,90.955,55.475,35.115,12.137,7.286,0,7.4958,20.426,29.812,21.305,33.161,19.689,21.794,50.549,45.894,51.013,83.299,97.911,70.208,66.841,44.211,66.969,54.12,30.312,48.282,84.095
1,152.64,146.34,143.6,100.52,66.92,34.051,14.598,7.4958,0,7.4528,22.605,28.36,53.248,44.43,37.71,76.465,82.082,84.49,128.04,135.4,95.268,98.406,61.601,76,55.426,30.666,56.488,101.16
1,175.6,167.32,178.27,135.36,103.38,63.072,40.072,20.426,7.4528,0,7.2086,17.678,45.206,51.101,45.337,88.184,100.56,114.74,171.42,186.88,145.43,152.83,109.45,126.74,93.482,54.663,78.386,132.57
1,145.43,138.53,161,129.74,107.32,73.171,56.418,29.812,22.605,7.2086,0,7.3995,24.81,38.362,33.188,66.873,83.069,105.62,165.1,188.52,158.28,171.58,134.59,153.97,112.31,63.957,74.789,125.35
1,114.02,97.432,118.59,90.643,81.015,52.902,50.066,21.305,28.36,17.678,7.3995,0,7.3218,17.163,23.796,51.493,54.996,81.807,130.91,163.14,142.21,145.41,120.41,151.06,118.6,70.402,77.406,122.82
1,73.724,57.146,80.886,65.44,67.788,52.145,61.563,33.161,53.248,45.206,24.81,7.3218,0,7.3326,17.125,31.43,31.104,60.063,100.9,138.37,132.03,135.75,124.5,158.47,128.04,79.192,73.548,107.96
1,48.429,35.303,45.564,30.668,30.597,22.817,34.939,19.689,44.43,51.101,38.362,17.163,7.3326,0,7.3717,17.122,11.436,28,56.224,84.663,79.679,80.612,75.589,105.25,86.555,51.94,47.77,72.229
1,42.674,43.909,52.43,41.455,31.098,26.448,28.836,21.794,37.71,45.337,33.188,23.796,17.125,7.3717,0,7.253,14.084,21.52,53.448,69.986,62.549,76.322,66.576,81.589,56.395,26.601,19.907,40.262
1,16.088,22.901,32.3,35.16,32.669,42.116,53.21,50.549,76.465,88.184,66.873,51.493,31.43,17.122,7.253,0,7.2495,12.501,36.644,53.292,59.458,78.276,80.866,93.417,68.739,41.184,21.158,28.359
1,14.372,9.4549,13.301,12.327,17.811,28.044,49.32,45.894,82.082,100.56,83.069,54.996,31.104,11.436,14.084,7.2495,0,7.2303,21.538,44.46,53.155,58.371,68.216,92.199,79.769,55.186,38.765,44.977
1,16.494,20.744,12.465,11.268,7.9754,23.478,40.242,51.013,84.49,114.74,105.62,81.807,60.063,28,21.52,12.501,7.2303,0,7.3661,16.724,22.606,31.204,41.302,54.663,48.394,37.553,23.623,22.108
1,22.919,25.582,7.2938,9.6939,11.747,37.293,63.761,83.299,128.04,171.42,165.1,130.91,100.9,56.224,53.448,36.644,21.538,7.3661,0,7.2386,20.148,22.484,44.185,59.675,66.153,65.669,49.374,36.837
1,42.531,56.388,28.491,29.768,19.948,48.01,65.748,97.911,135.4,186.88,188.52,163.14,138.37,84.663,69.986,53.292,44.46,16.724,7.2386,0,7.4093,16.304,34.033,36.594,44.861,55.761,42.719,25.438
1,68.285,81.44,49.645,37.675,15.958,31.647,37.673,70.208,95.268,145.43,158.28,142.21,132.03,79.679,62.549,59.458,53.155,22.606,20.148,7.4093,0,7.154,11.589,11.328,19.131,31.796,32.203,25.603
1,85.065,85.127,48.656,28.862,12.584,24.256,37.23,66.841,98.406,152.83,171.58,145.41,135.75,80.612,76.322,78.276,58.371,31.204,22.484,16.304,7.154,0,7.2617,18.93,37.487,51.379,59.122,56.182
1,109.03,110.73,75.85,45.974,18.295,17.51,17.389,44.211,61.601,109.45,134.59,120.41,124.5,75.589,66.576,80.866,68.216,41.302,44.185,34.033,11.589,7.2617,0,7.3915,19.43,30.447,48.028,56.73
1,124.86,140.84,102.26,75.69,37.265,40.058,30.438,66.969,76,126.74,153.97,151.06,158.47,105.25,81.589,93.417,92.199,54.663,59.675,36.594,11.328,18.93,7.3915,0,7.347,25.047,40.96,44.786
1,109.74,131.54,104.85,82.241,41.536,40.979,24.687,54.12,55.426,93.482,112.31,118.6,128.04,86.555,56.395,68.739,79.769,48.394,66.153,44.861,19.131,37.487,19.43,7.347,0,7.3649,18.273,27.023
1,88.585,105.21,92.49,71.242,36.503,30.205,14.811,30.312,30.666,54.663,63.957,70.402,79.192,51.94,26.601,41.184,55.186,37.553,65.669,55.761,31.796,51.379,30.447,25.047,7.3649,0,7.3563,24.301
1,53.438,75.343,69.293,62.51,36.336,41.547,33.408,48.282,56.488,78.386,74.789,77.406,73.548,47.77,19.907,21.158,38.765,23.623,49.374,42.719,32.203,59.122,48.028,40.96,18.273,7.3563,0,7.2824
1,41.602,70.356,59.031,63.282,41.206,60.723,59.596,84.095,101.16,132.57,125.35,122.82,107.96,72.229,40.262,28.359,44.977,22.108,36.837,25.438,25.603,56.182,56.73,44.786,27.023,24.301,7.2824,0
